SysConst,AvgTime,Oxygen,Chamber,,,,,,,,,,,,,,,,,,,,,,,,,,,,,,,,,,,,,,,,,,,,,,,,,,,,,,,,,,,,,,,,,,,,,,,,,,,,,,,,,,,,,,,,,,,,,,,,,,,,,,,,,,,,,,,,,,,,,,,,
,4,21,6800-01A 2 cm²,,,,,,,,,,,,,,,,,,,,,,,,,,,,,,,,,,,,,,,,,,,,,,,,,,,,,,,,,,,,,,,,,,,,,,,,,,,,,,,,,,,,,,,,,,,,,,,,,,,,,,,,,,,,,,,,,,,,,,,,
Const,S,K,CustomBLC,,,,,,,,,,,,,,,,,,,,,,,,,,,,,,,,,,,,,,,,,,,,,,,,,,,,,,,,,,,,,,,,,,,,,,,,,,,,,,,,,,,,,,,,,,,,,,,,,,,,,,,,,,,,,,,,,,,,,,,,
,2,0.5,2,,,,,,,,,,,,,,,,,,,,,,,,,,,,,,,,,,,,,,,,,,,,,,,,,,,,,,,,,,,,,,,,,,,,,,,,,,,,,,,,,,,,,,,,,,,,,,,,,,,,,,,,,,,,,,,,,,,,,,,,
LTConst,deltaTw,fT1,fT2,fTeb,,,,,,,,,,,,,,,,,,,,,,,,,,,,,,,,,,,,,,,,,,,,,,,,,,,,,,,,,,,,,,,,,,,,,,,,,,,,,,,,,,,,,,,,,,,,,,,,,,,,,,,,,,,,,,,,,,,,,,,
,0,1,0,0,,,,,,,,,,,,,,,,,,,,,,,,,,,,,,,,,,,,,,,,,,,,,,,,,,,,,,,,,,,,,,,,,,,,,,,,,,,,,,,,,,,,,,,,,,,,,,,,,,,,,,,,,,,,,,,,,,,,,,,
LQConst,Leaf,Ambient,abs_ambient,abs_redLED,abs_greenLED,abs_blueLED,abs_whiteLED,abs_redFlr,abs_blueFlr,k_ambient,k_redLED,k_greenLED,k_blueLED,k_whiteLED,k_redFlr,k_blueFlr,,,,,,,,,,,,,,,,,,,,,,,,,,,,,,,,,,,,,,,,,,,,,,,,,,,,,,,,,,,,,,,,,,,,,,,,,,,,,,,,,,,,,,,,,,,,,,,,,,,,,,,,,,,
,standard,Sun+Sky,0.49,0.84,0.7,0.87,0.75,0.84,0.87,0.39,0.18,0.23,0.26,0.21,0.19,0.25,,,,,,,,,,,,,,,,,,,,,,,,,,,,,,,,,,,,,,,,,,,,,,,,,,,,,,,,,,,,,,,,,,,,,,,,,,,,,,,,,,,,,,,,,,,,,,,,,,,,,,,,,,,
QConst,fQ_Amb_in,fQ_Amb_out,fQ_HeadLS,fQ_ConsoleLS,fQ_Flr,,,,,,,,,,,,,,,,,,,,,,,,,,,,,,,,,,,,,,,,,,,,,,,,,,,,,,,,,,,,,,,,,,,,,,,,,,,,,,,,,,,,,,,,,,,,,,,,,,,,,,,,,,,,,,,,,,,,,,
,0,0,0,0,1,,,,,,,,,,,,,,,,,,,,,,,,,,,,,,,,,,,,,,,,,,,,,,,,,,,,,,,,,,,,,,,,,,,,,,,,,,,,,,,,,,,,,,,,,,,,,,,,,,,,,,,,,,,,,,,,,,,,,,
LeakConst,fan_a,fan_b,fan_c,fan_d,Fs_meas,Fs_true,leak_wt,,,,,,,,,,,,,,,,,,,,,,,,,,,,,,,,,,,,,,,,,,,,,,,,,,,,,,,,,,,,,,,,,,,,,,,,,,,,,,,,,,,,,,,,,,,,,,,,,,,,,,,,,,,,,,,,,,,,
,-6276,6.6,0.00001709,3.11,6.84144 92.7615 400.626 644.16 882.535 1064.68 1279.8 1394.1,0.256097 101.267 401.971 600.851 799.951 1000.9 1200.41 1401,0,,,,,,,,,,,,,,,,,,,,,,,,,,,,,,,,,,,,,,,,,,,,,,,,,,,,,,,,,,,,,,,,,,,,,,,,,,,,,,,,,,,,,,,,,,,,,,,,,,,,,,,,,,,,,,,,,,,,
Sys,Sys,Sys,Sys,Sys,UserDefVar,GasEx,GasEx,GasEx,GasEx,GasEx,GasEx,GasEx,GasEx,GasEx,GasEx,GasEx,GasEx,GasEx,GasEx,GasEx,GasEx,GasEx,GasEx,GasEx,GasEx,GasEx,GasEx,GasEx,GasEx,GasEx,GasEx,Leak,Leak,Leak,Leak,Leak,LeafQ,LeafQ,LeafQ,LeafQ,Const,Meas,Meas,Meas,Meas,Meas,Meas,Meas,Meas,Meas,Meas,Meas,Meas,Meas,Meas,Meas,Meas,FlrLS,FlrLS,FlrLS,FlrLS,FlrLS,FlrLS,FlrLS,FlrLS,FlrLS,FlrLS,FlrLS,FlrLS,FlrLS,FlrLS,FlrLS,FlrLS,FlrLS,FlrStats,FlrStats,FlrStats,FlrStats,FlrStats,Match,Match,Match,Match,Match,Match,Match,Match,Match,Stability,Stability,Stability,Stability,Stability,Stability,Stability,Stability,Stability,Stability,Stability,Stability,Stability,Stability,Stability,Status,Status,Status,Status,Status,Status,Status,Status,Status,Status,Status,Status,Status,Status,Status,Status,Status,Status,Status,Status
obs,time,elapsed,date,hhmmss,TreeID,TIME,E,A,Ca,Ci,Pci,Pca,gsw,gbw,gtw,gtc,Rabs,TleafEB,TleafCnd,SVPleaf,RHcham,VPcham,SVPcham,VPDleaf,LatHFlux,SenHFlux,NetTherm,EBSum,blfa_1,blfa_2,blfa_3,Leak,LeakPct,CorrFact,CorrFactPct,Fan,Qin,Qabs,alpha,convert,Geometry,TIME,CO2_s,CO2_r,H2O_s,H2O_r,Flow,Pa,?Pcham,Tair,Tleaf,Tleaf2,Offset,Offset2,Fan_speed,Qamb_in,Qamb_out,Q,f_red,f_blue,f_farred,F,Q_modavg,F_dc,Pc,Tled,TDigital,TPreamp,TPwrSpy,TDrive,Q_red,Q_blue,Q_farred,TSPF,F_avg,dF/dt,dF_dc/dt,F_dc_avg,period,time,hhmmss,count,co2_adj,h2o_adj,co2_at,h2o_at,co2_cv,h2o_cv,CO2_s:MN,CO2_s:SLP,CO2_s:SD,CO2_s:OK,H2O_s:MN,H2O_s:SLP,H2O_s:SD,H2O_s:OK,Tleaf:MN,Tleaf:SLP,Tleaf:SD,Tleaf:OK,Stable,Total,State,MatchValveR,MatchValveS,MatchCO2,MatchH2O,DIAG,Flow_s,Flow_r,Txchg,Tirga,Tchopper,Ts,Tr,CO2_%,Desiccant_%,Humidifier_%,Txchg_sp,CO2_r_sp,H2O_r_sp,SS_s,SS_r
,s,s,,,,s,mol m?² s?¹,µmol m?² s?¹,µmol mol?¹,µmol mol?¹,Pa,Pa,mol m?² s?¹,mol m?² s?¹,mol m?² s?¹,mol m?² s?¹,W m?²,°C,°C,kPa,%,kPa,kPa,kPa,W m?²,W m?²,W m?²,W m?²,,,,µmol s?¹,%,,%,µmol s?¹,µmol m?² s?¹,µmol m?² s?¹,,J/µmol,,s,µmol mol?¹,µmol mol?¹,mmol mol?¹,mmol mol?¹,µmol s?¹,kPa,kPa,°C,°C,°C,°C,°C,rpm,µmol m?² s?¹,µmol m?² s?¹,µmol m?² s?¹,,,,,µmol m?² s?¹,,,°C,°C,°C,°C,°C,µmol m?² s?¹,µmol m?² s?¹,µmol m?² s?¹,s,,min?¹,min?¹,,s,secs,,,µmol/mol,mmol/mol,µmol/mol,mmol/mol,%,%,µmol mol?¹,µmol mol?¹ min?¹,µmol mol?¹,,mmol mol?¹,mmol mol?¹ min?¹,mmol mol?¹,,°C,°C min?¹,°C,,,,,%,%,µmol/mol,mmol/mol,,µmol s?¹,µmol s?¹,°C,°C,°C,°C,°C,%,%,%,°C,µmol mol?¹,mmol mol?¹,%,%
1,1565030618,0,20190805 13:43:38,13:43:38,146,1565030610,-0.001177904,-0.654914826,400.4167097,376.8560099,37.36653078,39.70265277,-0.074765551,3.374917942,-0.075698123,-0.047226576,24.7812076,32.93786116,32.66644194,4.958188879,70.69709139,3.48096787,4.923778053,1.477221009,51.94556859,-22.48708321,-1.520060925,52.71963205,-0.041059576,0.046092972,3.446970304,2,0,1,0,51408.42516,149.9837742,126.4361562,0.842998897,0.195997793,0: Broadleaf,1565030610,400.4167097,399.9660968,35.10691613,35.56152258,500.0155484,99.05330645,0.100030094,32.54285161,32.66644194,999.9,0,0,9996.35129,0,51.48446129,149.9837742,0.900024065,0.0999754,0,2.318706452,0,880.7633871,1390.248387,43.62296774,47.86483871,45.919,47.062,44.395,134.9883871,14.99258065,0,1565030666,2.312357692,0.22237606,49.82529908,881.3192308,15,0,--:--:--,0,0,0,0,0,0,0,400.4426098,-0.428926829,0.045956436,1,35.12277073,-0.315524739,0.031155552,1,32.67191707,-0.104071777,0.011070438,1,3,3,3-Mar,100,100,0,0,2,518.688,488.832,27.9997,37.5496,30.0007,37.3928,37.4017,21.1077,28.4103,69.0575,28,400,35.3857,100.256,111.504
2,1565030819,200.4000001,20190805 13:46:58,13:46:58,140,1565030811,-0.000878038,0.641249915,399.934129,407.6827955,40.42487643,39.65653672,-0.058707956,3.37626217,-0.059281072,-0.036998715,24.78084892,32.90830653,32.42945484,4.892388408,70.64045423,3.485766689,4.934519076,1.406621718,38.72148036,27.6771808,1.868331547,93.04784163,-0.041080347,0.046116288,3.448350981,2,0,1,0,51426.95455,149.9784839,126.4319703,0.843000723,0.196001445,0: Broadleaf,1565030811,399.934129,400.0501613,35.15377742,35.49263226,500.0204516,99.05767742,0.0999934,32.58150968,32.42945484,999.9,0,0,10000.96677,0,51.11085806,149.9784839,0.899969677,0.100030245,0,2.311616129,0,1151.560645,1390.178065,43.875,48.308,46.23780645,47.437,44.69106452,134.9754839,15.00129032,0,1565030866,2.314473077,0.638034187,-82.48820506,1150.727692,15,0,--:--:--,0,0,0,0,0,0,0,399.9718049,-0.742578397,0.074051142,1,35.19994878,-0.848550523,0.085361373,1,32.43215366,-0.084725436,0.011842567,1,3,3,3-Mar,100,100,0,0,2,518.728,488.134,28.0005,37.8577,30.0007,37.6717,37.6781,21.1821,27.3012,66.8037,28,400,35.3646,100.211,111.444
3,1565031120,501.4000001,20190805 13:51:59,13:51:59,48,1565031112,0.000235981,2.060713423,399.1914839,173.6673279,17.21824026,39.57782368,0.015131628,3.376161311,0.015094052,0.009437151,24.78404943,32.70089824,32.75403871,4.9827047,70.72680271,3.498967638,4.947159356,1.483737063,-10.40677794,-23.13946818,-1.564901936,-10.32709862,-0.041078788,0.046114539,3.448247387,0,0,1,0,51417.17425,150.0038065,126.4527947,0.842997239,0.195994478,0: Broadleaf,1565031112,399.1914839,400.0534194,35.29143226,35.20037419,500.0177419,99.04496452,0.099995426,32.62690968,32.75403871,999.9,0,0,10001.87097,0,49.87449355,150.0038065,0.900099613,0.099900265,0,2.30523871,0,668.2718387,1390.467742,44.32216129,48.808,46.687,47.937,45.11483871,135.0190323,14.98677419,0,1565031167,2.290269231,0.071678627,2.265914401,668.4340769,15,1565030895,13:48:15,1,-0.149,0.337,400,35,0.19,0.02,399.2432683,-0.99645993,0.102935695,1,35.31337805,-0.442160279,0.043685832,1,32.7572122,-0.022047387,0.007583396,1,3,3,3-Mar,100,100,-0.149,0.337,2,520.393,485.704,28.0005,38.2955,30.0007,38.0994,38.1049,21.1899,26.7827,63.4371,28,400,35.042,100.147,111.354
4,1565031289,670.4000001,20190805 13:54:48,13:54:48,77,1565031281,0.000232327,3.39934145,398.7244194,47.44222239,4.703096345,39.5268026,0.015754083,3.375504486,0.015713349,0.009824494,24.78156836,32.75468398,32.55746774,4.927836705,71.03280459,3.524604826,4.961939552,1.403231879,-10.24563586,22.27437622,1.505628133,38.31593685,-0.041068639,0.046103145,3.447572752,1,0,1,0,51395.83285,149.988129,126.4396366,0.842997626,0.195995251,0: Broadleaf,1565031281,398.7244194,400.1211935,35.55425484,35.46462903,500.0058065,99.03311613,0.100021152,32.67986774,32.55746774,999.9,0,0,10000.59613,0,44.75393548,149.988129,0.900091387,0.099908894,0,2.357735484,0,766.4404194,1390.315484,44.534,49.016,46.901,48.20325806,45.33029032,135.0025806,14.98709677,0,1565031336,2.350596154,-0.327729917,-1857.242635,751.7053462,15,1565030895,13:48:15,1,-0.149,0.337,400,35,0.19,0.02,398.6750488,0.929958188,0.095801612,1,35.50380244,0.83414007,0.094197549,1,32.5624,-0.036332404,0.012644636,1,3,3,3-Mar,100,100,-0.149,0.337,2,519.964,484.996,28.0002,38.4828,30.0002,38.2919,38.293,21.1914,26.5568,62.3705,28,400,34.9031,100.124,111.325
5,1565031480,861.4000001,20190805 13:57:59,13:57:59,76,1565031472,-0.000451806,-0.080526483,400.2865161,386.5881374,38.32742847,39.68552402,-0.030040353,3.375719012,-0.030189666,-0.018855065,24.78599107,32.70364726,32.46654839,4.902637142,70.98789661,3.481645186,4.904561695,1.420991957,19.92464323,1.266310431,0.085465515,46.06241025,-0.041071954,0.046106866,3.447793095,1,0,1,0,51434.73896,150.0112258,126.4594295,0.842999774,0.195999548,0: Broadleaf,1565031472,400.2865161,400.1819677,35.11748065,35.29185161,500.0140645,99.04274516,0.100049871,32.47350645,32.46654839,999.9,0,0,10000.43097,0,32.03315161,150.0112258,0.900007,0.0999933,0,2.319319355,0,695.9205806,1390.496774,44.5,48.875,46.933,48.08232258,45.312,135.0112903,15,0,1565031527,2.29975,-0.09951794,-2464.526697,689.8956154,15,1565031394,13:56:33,2,-0.054,0.33,399,36,0.17,0.04,400.2326829,0.897512195,0.09937891,1,35.09843171,0.179749129,0.05247109,1,32.47322683,-0.118540767,0.012205997,1,3,3,3-Mar,100,100,-0.054,0.33,2,520.062,485.005,27.998,38.3879,29.9994,38.2536,38.2496,21.214,25.8522,60.5106,28,400,34.8432,100.152,111.359
6,1565031629,1010.9,20190805 14:00:29,14:00:29,58,1565031621,0.000637929,3.330993827,398.767871,268.4148033,26.61049243,39.53362214,0.043766031,3.375512303,0.043453209,0.027186175,24.78661157,32.29952575,32.32389032,4.863323514,71.35937457,3.469038562,4.861363462,1.394284952,-28.13265077,-1.299106808,-0.087555514,-4.732701525,-0.04106876,0.046103281,3.447580781,0,0,1,0,51457.2382,150.0126774,126.4608555,0.843001122,0.196002245,0: Broadleaf,1565031621,398.767871,400.202,34.99150968,34.74527097,500.0079032,99.03945484,0.099981965,32.31675161,32.32389032,999.9,0,0,9999.985484,0,52.42044194,150.0126774,0.899953968,0.100046103,0,2.428103226,0,995.933129,1390.488065,44.375,48.683,46.776,47.83435484,45.145,135.0048387,15.00677419,0,1565031677,2.438646154,-1.141825638,-477.1074532,984.6989615,15,1565031394,13:56:33,2,-0.054,0.33,399,36,0.17,0.04,398.7223415,0.786313589,0.09105469,1,34.97391707,0.06945784,0.051699785,1,32.32258293,0.033765157,0.007933962,1,3,3,3-Mar,100,100,-0.054,0.33,2,520.438,485.297,27.9986,38.1196,29.9992,38.0427,38.0426,21.2049,26.5656,59.4189,28,400,34.2797,100.197,111.41
7,1565031844,1225.4,20190805 14:04:03,14:04:03,82,1565031836,0.000259737,3.203465256,398.7885484,103.3008722,10.24007849,39.53138003,0.017743384,3.3747126,0.017691719,0.011061954,24.78424597,32.2762404,32.20225484,4.830020285,71.1036081,3.435355683,4.831478703,1.394664602,-11.45442107,0.971898417,0.06544401,14.36716733,-0.041056404,0.04608941,3.446759395,0,0,1,0,51460.55875,149.9963871,126.4472959,0.843002277,0.196004555,0: Broadleaf,1565031836,398.7885484,400.1113548,34.65551935,34.55522581,500.0044516,99.02870323,0.099970835,32.20759677,32.20225484,999.9,0,0,9998.062258,0,51.06843548,149.9963871,0.899922226,0.100077884,0,2.343419355,0,1106.232258,1390.324194,44.125,48.417,46.524,47.558,44.885,134.9848387,15.01096774,0,1565031891,2.355907692,-0.431548717,-33.65504245,1105.938077,15,1565031394,13:56:33,2,-0.054,0.33,399,36,0.17,0.04,398.8408537,-0.973777003,0.098744944,1,34.66109024,-0.254341463,0.041311003,1,32.21140732,-0.146669686,0.015966969,1,3,3,3-Mar,100,100,-0.054,0.33,2,520.734,486.424,28.0004,37.6826,29.9995,37.6519,37.66,21.2521,25.0951,57.5523,28,400,34.2449,100.264,111.487
8,1565031959,1340.4,20190805 14:05:58,14:05:58,53,1565031951,-0.000219785,3.298528491,398.8953226,734.0317609,72.76283546,39.54155156,-0.015121066,3.374978031,-0.015158805,-0.009470855,24.78321546,32.45366808,32.1705871,4.821382443,71.00837627,3.444068948,4.850229126,1.377313495,9.69250434,19.20765537,1.293504584,54.97687975,-0.041060505,0.046094014,3.447032023,0,0,1,0,51453.90946,149.9967419,126.4470164,0.842998419,0.195996839,0: Broadleaf,1565031951,398.8953226,400.1796452,34.74378065,34.82863871,500.0079355,99.02766129,0.099977777,32.27615161,32.1705871,999.9,0,0,9999.166129,0,49.60757097,149.9967419,0.900035645,0.099964558,0,2.312970968,0,979.9013226,1390.374194,44.12296774,48.48170968,46.5,47.562,44.875,135.0035484,14.9916129,0,1565032006,2.340126923,0.243135047,1.966085492,979.6977692,15,1565031394,13:56:33,2,-0.054,0.33,399,36,0.17,0.04,398.8548537,0.764445993,0.078431751,1,34.68920732,0.844802091,0.103276414,1,32.1718,-0.035910105,0.006486459,1,3,3,3-Mar,100,100,-0.054,0.33,2,520.698,486.429,28.0007,37.589,30.0002,37.5458,37.5562,21.2626,23.6793,56.8146,28,400,34.2855,100.271,111.496
9,1565032139,1520.4,20190805 14:08:58,14:08:58,84,1565032131,0.000429403,3.322556588,398.7138065,203.741887,20.1967903,39.52421986,0.02844092,3.374937475,0.028308437,0.017704625,24.78576266,32.38282257,32.39560968,4.883053458,70.67054296,3.442533493,4.871242456,1.440519965,-18.93665671,-7.806226026,-0.526481904,-2.483601981,-0.041059878,0.04609331,3.446990368,0,0,1,0,51440.29157,150.0131613,126.4607698,0.842997832,0.195995665,0: Broadleaf,1565032131,398.7138065,400.1112903,34.72770968,34.56191613,500.0079677,99.0293129,0.099985416,32.35270645,32.39560968,999.9,0,0,9998.846774,0,49.25838065,150.0131613,0.900063871,0.099936106,0,2.412858065,0,976.4210323,1390.536774,44.187,48.625,46.57825806,47.73374194,45,135.0212903,14.99032258,0,1565032186,2.403180769,-0.406444436,-16.92752156,976.7380769,15,1565032028,14:07:07,3,0.037,0.346,400,34,0.17,0.02,398.6634634,0.92061324,0.096217766,1,34.69586098,0.488243206,0.060230419,1,32.4007561,-0.093240418,0.009793453,1,3,3,3-Mar,100,100,0.037,0.346,2,520.871,484.973,28.0007,37.6675,30.0003,37.5624,37.574,21.2693,23.6956,56.441,28,400,34.1647,100.253,111.473
10,1565032290,1671.4,20190805 14:11:29,14:11:29,72,1565032282,-0.000594825,3.242852975,398.9638065,521.462584,51.69321332,39.54976213,-0.038569633,3.374887298,-0.038816207,-0.024237845,24.78420115,32.70185646,32.52359355,4.918434857,70.75591189,3.463556617,4.89507735,1.45487824,26.2318041,-15.35632038,-1.036796197,34.62288867,-0.041059103,0.04609244,3.446938829,0,0,1,0,51424.83537,150.0001613,126.4501224,0.84299991,0.195999819,0: Broadleaf,1565032282,398.9638065,400.166,34.93911613,35.16872903,500.0091935,99.03123548,0.099967613,32.43919355,32.52359355,999.9,0,0,9998.463871,0,46.71314839,150.0001613,0.899991161,0.10000889,0,2.437112903,0,1006.300806,1390.387419,44.312,48.812,46.687,47.875,45.10467742,134.9987097,14.99935484,0,1565032337,2.422407692,-0.432847865,23.62615392,1006.296346,15,1565032028,14:07:07,3,0.037,0.346,400,34,0.17,0.02,398.9209756,0.676599303,0.081555753,1,34.88547561,0.872876655,0.098741179,1,32.52618537,-0.041197213,0.005751545,1,3,3,3-Mar,100,100,0.037,0.346,2,520.649,484.929,28.0005,37.8107,30.0005,37.6697,37.6778,21.3039,21.7985,56.5882,28,400,34.7059,100.234,111.446
11,1565032411,1792.5,20190805 14:13:30,14:13:30,63,1565032403,-0.001178195,1.013251992,400.0222581,411.458885,40.78563911,39.65198966,-0.074094201,3.375572924,-0.07500981,-0.04679793,24.78422558,32.87892413,32.72500323,4.974566841,70.99489575,3.484028381,4.907435026,1.49053846,51.95840075,-43.87866345,-2.965488054,29.89847482,-0.041069697,0.046104332,3.447643046,0,0,1,0,51429.89064,150.0004194,126.4503303,0.842999845,0.19599969,0: Broadleaf,1565032403,400.0222581,400.2390323,35.14801935,35.60272258,500.0113226,99.02443871,0.100019648,32.48389032,32.72500323,999.9,0,0,10001.73,0,46.01763226,150.0004194,0.900027355,0.09997249,0,2.323035484,0,821.8459355,1390.403226,44.375,48.887,46.796,47.98577419,45.187,135.0048387,14.99967742,0,1565032458,2.332892308,-0.050112818,-15.5786668,821.6852308,15,1565032028,14:07:07,3,0.037,0.346,400,34,0.17,0.02,399.9727561,0.76415331,0.094515912,1,35.09421707,0.785882927,0.103301701,1,32.72387561,0.084227875,0.019329666,1,3,3,3-Mar,100,100,0.037,0.346,2,520.703,484.716,28.0005,37.9127,30.0005,37.7587,37.7639,21.316,21.3546,57.4269,28,400,35.0498,100.221,111.427
12,1565032520,1901.5,20190805 14:15:19,14:15:19,47,1565032512,-0.000684974,3.141110482,399.0829032,496.7230981,49.23571305,39.5575148,-0.046142724,3.374983591,-0.046496104,-0.029028091,24.78282549,32.80185782,32.46006774,4.900845231,71.23123377,3.502506109,4.917093139,1.398339123,30.20736274,10.6782414,0.72098755,66.38941718,-0.041060591,0.04609411,3.447037733,0,0,1,0,51413.014,149.9941613,126.4448602,0.842998548,0.195997097,0: Broadleaf,1565032512,399.0829032,400.2299677,35.33564516,35.59994516,500.0152903,99.02103226,0.100013719,32.51875484,32.46006774,999.9,0,0,9999.856452,0,44.63110323,149.9941613,0.900026097,0.099974139,0,2.375303226,0,847.9845161,1390.346774,44.437,48.99796774,46.875,48.062,45.25,135,14.99193548,0,1565032567,2.396665385,0.980249573,88.34707717,848.3406154,15,1565032028,14:07:07,3,0.037,0.346,400,34,0.17,0.02,399.0275122,0.869289199,0.10233282,1,35.28743415,0.758519164,0.090406587,1,32.46274878,-0.07457561,0.009828707,1,3,3,3-Mar,100,100,0.037,0.346,2,521.091,484.363,28.0005,37.9997,30.0004,37.8415,37.8464,21.3091,22.3948,58.2701,28,400,35.0476,100.208,111.409
13,1565032636,2017.5,20190805 14:17:15,14:17:15,55,1565032628,-0.000737246,2.833490195,399.2103871,481.2145485,47.69720868,39.56908867,-0.048616931,3.375130001,-0.04900938,-0.03059534,24.78379661,32.74913361,32.50406452,4.913021634,71.13704196,3.485154276,4.899211691,1.427867358,32.51255875,-9.080978365,-0.61305283,47.60232416,-0.041062853,0.04609665,3.447188113,0,0,1,0,51426.54779,149.9997742,126.4496151,0.842998703,0.195997406,0: Broadleaf,1565032628,399.2103871,400.2260323,35.16153226,35.44605484,500.012,99.0183871,0.099997468,32.45415806,32.50406452,999.9,0,0,10000.67452,0,43.72227419,149.9997742,0.900045871,0.099954071,0,2.29766129,0,686.8257097,1390.404839,44.512,49.062,46.937,48.125,45.308,135.0067742,14.99354839,0,1565032683,2.301742308,0.073049572,82.80748714,686.9588846,15,1565032028,14:07:07,3,0.037,0.346,400,34,0.17,0.02,399.1538293,0.894857143,0.103599111,1,35.10023415,0.978411847,0.114169386,1,32.5094561,-0.108627178,0.011407401,1,3,3,3-Mar,100,100,0.037,0.346,2,521.628,483.738,28.0005,38.0678,30.0003,37.9087,37.9119,21.3046,23.1989,58.4801,28,400,34.8365,100.196,111.395
14,1565032815,2196.5,20190805 14:20:14,14:20:14,78,1565032807,-0.000206975,2.931688411,399.0398065,733.6025483,72.70784065,39.54910288,-0.013434342,3.374944231,-0.013464122,-0.008412395,24.78537138,32.69409089,32.62691935,4.947162054,70.9421386,3.488436964,4.917298849,1.458725089,9.127598021,-19.54553784,-1.320803062,13.0466285,-0.041059983,0.046093428,3.446997306,0,0,1,0,51411.93806,150.0095806,126.4578578,0.842998542,0.195997084,0: Broadleaf,1565032807,399.0398065,400.1794194,35.19739032,35.27726452,500.0113871,99.01063226,0.100038516,32.51949677,32.62691935,999.9,0,0,10000.75871,0,44.67303548,150.0095806,0.900049677,0.099950255,0,2.3635,0,703.1034839,1390.499032,44.625,49.187,47.062,48.262,45.429,135.0148387,14.99354839,0,1565032863,2.347284615,0.527562399,-64.57921363,702.5098462,15,1565032699,14:18:19,4,0.109,0.335,400,35,0.43,0.03,398.9979024,0.732731707,0.075380597,1,35.13786829,0.966867596,0.10953887,1,32.63337073,-0.13895331,0.015771002,1,3,3,3-Mar,100,100,0.109,0.335,2,521.648,482.894,28.0005,38.1936,30.0005,38.0337,38.039,21.3153,23.6911,58.4807,28,400,34.7123,100.173,111.361
15,1565032942,2323.5,20190805 14:22:21,14:22:21,70,1565032934,-0.000907142,2.433111306,399.378129,455.0140085,45.09603337,39.58201088,-0.058343601,3.374464224,-0.058909893,-0.036767349,24.78488007,32.887082,32.70632903,4.969339084,71.21255329,3.508450981,4.926731059,1.460888104,40.00496459,-27.80563389,-1.880298326,35.10391245,-0.041052567,0.046085102,3.446504286,0,0,1,0,51397.28262,149.9971935,126.4482419,0.843004052,0.196008103,0: Broadleaf,1565032934,399.378129,400.2064516,35.39988387,35.74989355,500.0029355,99.00917097,0.099938923,32.5534871,32.70632903,999.9,0,0,9999.1,0,45.13831613,149.9971935,0.899858,0.100142,0,2.325674194,0,888.3280968,1390.305161,44.687,49.25,47.125,48.36280645,45.5,134.9774194,15.02,0,1565032989,2.338046154,-0.532540158,84.5940514,888.7112308,15,1565032699,14:18:19,4,0.109,0.335,400,35,0.43,0.03,399.3220244,0.906585366,0.105164329,1,35.34197317,0.904802091,0.107468382,1,32.71645854,-0.197324739,0.019798768,1,3,3,3-Mar,100,100,0.109,0.335,2,521.575,483.379,28.0006,38.2801,30.0004,38.1196,38.1242,21.3401,22.3785,58.6759,28,400,35.2016,100.161,111.345
16,1565033060,2441.5,20190805 14:24:19,14:24:19,81,1565033052,-0.00806937,17.57038042,394.2459677,445.8869169,44.19014116,39.07220487,-0.413621345,3.374690066,-0.44403049,-0.274602022,24.78155935,34.57381741,32.6772129,4.961197692,65.430269,3.234611899,4.943601713,1.726585793,355.859195,-11.47489793,-0.776034314,368.3898221,-0.041056056,0.046089019,3.446736251,0,0,1,0,51391.07125,149.9872258,126.4389497,0.842998122,0.195996245,0: Broadleaf,1565033052,394.2459677,399.9943548,32.63784839,35.75632258,500.6296129,98.99976129,0.106401013,32.61414194,32.6772129,999.9,0,0,10000.90032,0,46.86543871,149.9872258,0.900061419,0.099938568,0,2.384258065,0,818.5457419,1390.296774,44.75,49.312,47.187,48.407,45.552,134.9980645,14.98935484,0,1565033107,2.378592308,-0.288211969,-3.192000011,818.2487692,15,1565033014,14:23:33,5,0.123,0.331,400,35,0.52,0.05,395.235,-0.096229965,3.451577547,1,33.04631463,-0.127996516,1.401506331,1,32.73789024,-0.988570035,0.109150109,1,3,3,3-Mar,100,100,0.123,0.331,2,521.193,483.465,28.0009,38.3496,30.0004,38.1934,38.1973,21.3592,20.9503,59.1043,28,400,36.0964,100.153,111.329
17,1565033194,2575.5,20190805 14:26:33,14:26:33,52,1565033186,-0.000886288,2.867740079,399.2732581,466.9415328,46.27434623,39.56835639,-0.0582482,3.374280073,-0.058812663,-0.036706747,24.7793895,32.97136224,32.70314516,4.968448251,71.47573685,3.539132197,4.951515511,1.429316054,39.0852964,-11.02634703,-0.745988774,52.0923501,-0.041049722,0.046081909,3.446315142,0,0,1,0,51378.72011,149.9733548,126.4273214,0.842998555,0.195997109,0: Broadleaf,1565033186,399.2732581,400.2788065,35.71239677,36.05425161,499.9996129,99.00100323,0.099939765,32.64253226,32.70314516,999.9,0,0,9999.231935,0,46.02319032,149.9733548,0.900040419,0.099959768,0,2.405945161,0,731.1605484,1390.158387,44.875,49.383,47.25,48.5,45.61687097,134.9822581,14.99,0,1565033241,2.386026923,0.433275214,-75.53299155,731.3916923,15,1565033014,14:23:33,5,0.123,0.331,400,35,0.52,0.05,399.2129756,0.993052265,0.108725541,1,35.65327561,0.944759582,0.11153911,1,32.71466341,-0.219729617,0.021938737,1,3,3,3-Mar,100,100,0.123,0.331,2,523.538,481.679,27.9999,38.4529,30.0004,38.2934,38.2965,21.3472,23.1533,59.431,28,400,35.2259,100.125,111.306
