ID,Species,Soil Type,Salt Addition,Greenhouse Group,Diameter Growth (%),Stem Mass Growth (%),Coarse Root Growth (%),Total Biomass Growth (%),Pre-Existing Biomass Growth (%),New Above Ground Biomass (g),Fine Root Mass (g),New Above/Below Ground Biomass Ratio,Week 6 SPAD,Initial Diameter (mm),Final Diameter (mm),Initial Stem Displacement (g),Final Stem Displacement (g),Initial Coarse Root Displacement (g),Final Coarse Root Weight (g),Initial Pre-Existing Biomass (g),Final Pre-Existing Biomass (g),Final Total Biomass (g),End SPAD ,Week 1 Leachate NaCl (mg),Week 2 Leachate NaCl (mg),Week 3 Leachate NaCl (mg),Week 4 Leachate NaCl (mg),Week 5 Leachate NaCl (mg),Week 6 Leachate NaCl (mg),Week 7 Leachate NaCl (mg),Week 8 Leachate NaCl (mg),Fraction of LICOR covered by Leaf 
1,CAT,Control,Y,5,35.19163763,80.85106383,103.7037037,174.8910891,98.01980198,3.94,1.4948,2.635804121,25.6,5.74,7.76,4.7,8.5,2.7,5.5,7.07,14,19.4348,16.9,59.43,6.182,3.0144,2.295,2.4585,1.8228,0.70575,0.2885,1
2,CAT,Control,Y,2,38.45541401,25,94.44444444,274.0375671,105.7245081,6.82,2.5887,2.634526983,23,6.28,8.695,3.6,4.5,3.6,7,5.59,11.5,20.9087,21,34.038,22.5975,3.00135,2.0475,3.2591,1.837,1.608,0.4193,1
3,CAT,Control,Y,3,12.11708645,8.974358974,20.48192771,135.9414935,42.41724403,9.2,2.9488,3.119913185,23,7.345,8.235,7.8,8.5,8.3,10,12.99,18.5,30.6488,18.6,70.389,13.035,1.2572,2.1788,1.0635,0.9044,0,0,1
4,CAT,Control,Y,1,56.75446049,55.17241379,120,395.2421053,110.5263158,9.65,3.874,2.49096541,21.6,5.885,9.225,2.9,4.5,2.5,5.5,4.75,10,23.524,19.1,51.2195,21.14,2.271,2.438,2.319,1.7445,1.0251,0.4994,1
5,CAT,Control,N,2,61.20218579,-28.57142857,282.3529412,163.879822,55.78635015,5.64,1.6455,3.427529626,24.8,3.66,5.9,5.6,4,1.7,6.5,6.74,10.5,17.7855,16,16.665,17.704,2.64495,2.1942,1.97175,8.343,0.4018,0.2968,1
6,CAT,Control,N,1,-12.99734748,194.1176471,130.7692308,371.2732673,117.8217822,9.62,3.1793,3.025823294,23.7,3.77,3.28,1.7,5,2.6,6,5.05,11,23.7993,21.1,42.525,22.854,2.37705,2.5662,2.34485,1.82875,1.7803,0.2762,1
7,CAT,Control,N,3,36,100,6.382978723,128.8631319,72.62638718,2.51,2.0508,1.223912619,17.3,6,8.16,4.5,9,4.7,5,8.11,14,18.5608,16.1,46.944,17.204,2.50585,2.0438,1.145,0.9579,0.12335,0.1456,1
8,CAT,Control,Y,6,24.18207681,69.11764706,-78.57142857,110.7193784,18.82998172,7.52,2.5327,2.969163343,21.3,7.03,8.73,6.8,11.5,7,1.5,10.94,13,23.0527,17.8,27.563,2.4815,,1.48,0.4506,0.5388,0.80145,0,1
9,CAT,Control,Y,7,31.107739,75,42.85714286,179.9085714,87.75510204,8.58,2.7088,3.167454223,20.5,6.59,8.64,8,14,6.3,9,12.25,23,34.2888,14.9,73.549,23.53,3.36375,2.0215,0.4905,0.31295,0,0,1
10,CAT,BCMI,Y,3,72.86713287,182.6086957,142.4242424,243.2234432,165.5677656,4.24,,,23.3,3.575,6.18,2.3,6.5,3.3,8,5.46,14.5,18.74,14.6,48.236,30.4965,5.663,8.1108,3.59635,2.0856,1.4331,0.5583,1
11,CAT,Control,Y,4,65.32887402,100,85.71428571,152.5385878,105.2545156,1.16,1.7196,0.674575483,23,4.485,7.415,3,6,3.5,6.5,6.09,12.5,15.3796,,45.6435,25.622,3.3308,6.6181,4.789,0.3073,2.1243,0.4308,1
12,CAT,Control,N,4,97.00787402,189.4736842,72.4137931,189.5951904,110.4208417,2.34,1.6108,1.452694313,21.1,3.175,6.255,1.9,5.5,2.9,5,4.99,10.5,14.4508,18.1,40.572,20.955,2.3604,1.5993,1.7412,1.84455,0.3272,0,1
13,CAT,Control,N,6,33.16214233,92.30769231,51.78571429,222.4691943,99.0521327,8.89,4.1305,2.152281806,23.4,6.815,9.075,6.5,12.5,5.6,8.5,10.55,21,34.0205,19.8,35.51,0.73995,3.23785,2.295,1.19,0.98025,5.3664,0.1793,1
14,CAT,Control,N,5,11.70909091,108.3333333,11.11111111,159.3138686,64.23357664,3.89,1.3204,2.946076946,24.6,6.875,7.68,2.4,5,3.6,4,5.48,9,14.2104,23.6,103.785,20.398,2.0205,3.29245,4.2012,4.7964,3.2334,2.19345,1
15,CAT,BCMI,Y,4,-4.166666667,14.75409836,-14.89361702,35.95510204,12.24489796,1.76,0.5636,3.122782115,18.9,7.8,7.475,6.1,7,4.7,4,9.8,11,13.3236,12.3,83.899,64.069,9.3429,8.15375,7.2402,8.4578,4.7481,5.0765,1
16,CAT,BCMI,N,2,15.55555556,39.53488372,44.73684211,177.2335423,80.2507837,4.64,1.5475,2.998384491,19.9,6.525,7.54,4.3,6,3.8,5.5,6.38,11.5,17.6875,14,40.68,22.945,2.6478,3.5874,2.266,1.3085,0.60765,0.5924,1
17,CAT,BCMI,N,4,34.60438513,120,42.85714286,217.422179,104.2801556,3.88,1.9355,2.004649961,23.4,5.245,7.06,2.5,5.5,3.5,5,5.14,10.5,16.3155,21.3,38.007,31,2.0178,3.598,2.5355,,1.4421,0.6354,1
18,CAT,BCMI,Y,2,135.8169935,341.1764706,57.14285714,309.9942085,150.965251,5.3,2.9377,1.804132485,21.7,3.825,9.02,1.7,7.5,3.5,5.5,5.18,13,21.2377,16.4,36.4455,48.28,3.5819,4.3851,5.5584,2.1705,1.8117,0.5029,1
19,CAT,BCMI,N,1,79.14691943,133.3333333,66.66666667,274.826087,91.81585678,5.8,1.3557,4.278232647,20.3,3.165,5.67,1.5,3.5,2.4,4,3.91,7.5,14.6557,16.7,42.406,32.25,2.2959,4.279,3.262,7.56675,1.371,0.5541,1
20,CAT,BCMI,N,3,25.89118199,300,30.43478261,254.1324201,151.1415525,3.36,1.151,2.919200695,22.1,5.33,6.71,2,8,2.3,3,4.38,11,15.511,20.2,47.64,54.826,8.16385,2.172,2.8362,1.69325,1.7688,1.3715,1
21,CAT,BCMI,Y,1,17.69165965,129.1666667,114.2857143,330.1490515,171.00271,4.54,1.3325,3.407129456,19.7,5.935,6.985,2.4,5.5,2.1,4.5,3.69,10,15.8725,17.6,50.197,25.80605,4.3643,5.875,6.1619,3.3237,2.6922,1.43055,1
22,CAT,BCMI,N,6,5.040650407,18.27956989,-22.72727273,19.34455128,4.166666667,1.66,1.1813,1.405231525,18,9.225,9.69,9.3,11,11,8.5,18.72,19.5,22.3413,24.6,59.892,25.1955,1.8385,1.7395,0.9466,0.5362,6.2829,0.6995,1
23,CAT,BCMI,N,7,11.57289003,56.25,-23.52941176,41.74186992,28.72628726,1.3,0.6211,2.093060699,17,7.82,8.725,8,12.5,8.5,6.5,14.76,19,20.9211,17.3,51.736,14.5005,0.972,5.3664,3.0001,4.05745,1.8464,1.113,1
24,CAT,BCMI,Y,7,33.18661972,154.7169811,28.57142857,250.907563,152.1008403,5.28,1.7748,2.974983097,19.5,5.68,7.565,5.3,13.5,3.5,4.5,7.14,18,25.0548,18.8,67.053,9.3401,4.314,4.5906,8.47815,2.4899,1.76435,1.11,1
25,CAT,BCMI,N,5,14.29613421,105.3571429,-8.333333333,82.71245059,67.98418972,0.92,0.5705,1.612620508,25.5,6.855,7.835,5.6,11.5,6,5.5,10.12,17,18.4905,9.3,103.032,14.421,4.7476,4.515,4.3038,4.50585,2.18735,1.3227,1
26,CAT,BCMI,Y,5,3.811503812,48.14814815,-13.04347826,76.95443925,40.18691589,2.52,0.6273,4.017216643,19,7.215,7.49,5.4,8,4.6,4,8.56,12,15.1473,17.8,126.015,35.5875,3.0404,3.3804,6.6728,4.6827,5.10225,6.481,1
27,CAT,Control,N,7,25.31876138,123.6842105,-16.66666667,105.0056818,70.45454545,1.74,0.6924,2.512998267,23.4,5.49,6.88,3.8,8.5,4.2,3.5,7.04,12,14.4324,27.3,145.7625,26.3435,4.693,6.30675,6.2425,7.0146,4.6254,3.2193,1
28,CAT,BCMI,Y,6,12.01011378,83.33333333,-19.11764706,68.54336735,40.30612245,1.8,1.5207,1.183665417,22.2,7.91,8.86,6,11,6.8,5.5,11.76,16.5,19.8207,,184.326,2.424,5.0498,5.69615,3.6888,1.74685,0.7832,0,1
29,CAT,BCOT,Y,6,36.81368137,259.375,25,159.9414063,127.8645833,1.32,1.1435,1.154350678,24.1,5.555,7.6,3.2,11.5,4.8,6,7.68,17.5,19.9635,,147.8605,15.3255,,3.3735,2.0524,0.64485,0.5289,0,1
30,CAT,BCOT,N,4,63.25678497,270.9677419,254.1666667,461.0258964,298.4063745,5.98,2.1835,2.738722235,26.8,4.79,7.82,3.1,11.5,2.4,8.5,5.02,20,28.1635,29.5,120.1575,40.02,1.2876,1.55805,0.676,0.3887,0.3554,0,1
31,CAT,BCOT,N,5,37.8100941,126.4150943,90,202.950116,149.4199536,3.22,1.3943,2.309402568,24.4,5.845,8.055,5.3,12,5,9.5,8.62,21.5,26.1143,21.1,56.012,2.0202,,3.1464,1.1016,1.2005,0.9042,0.2979,1
32,CAT,BCOT,Y,5,25.3814147,133.8709677,60.71428571,206.7351779,132.2134387,5.42,2.1216,2.554675716,28.4,7.21,9.04,6.2,14.5,5.6,9,10.12,23.5,31.0416,24.1,46.2,1.2236,,4.1162,1.41575,0.4575,0.4028,0,1
33,CAT,BCOT,Y,3,30.75135554,137.5,19.56521739,159.1492958,111.2676056,2.24,1.1596,1.931700586,26.4,6.455,8.44,4,9.5,4.6,5.5,7.1,15,18.3996,19.9,93.439,36.54,4.6701,5.8944,1.354,0.76725,0.58155,0.2977,1
34,CAT,BCOT,Y,7,7.936507937,75.67567568,-16.66666667,62.09031199,43.67816092,1.78,0.4626,3.847816688,27.2,8.19,8.84,7.4,13,5.4,4.5,12.18,17.5,19.7426,18,58.692,6.8835,4.0887,5.0472,2.2995,1.8783,1.6294,0.9189,1
35,CAT,BCOT,N,3,24.921875,166.6666667,111.1111111,269.4005038,170.7808564,5.96,1.8704,3.186484175,24.7,6.4,7.995,4.5,12,4.5,9.5,7.94,21.5,29.3304,21.2,57.78,13.715,3.2452,2.0328,0.7785,0,0,0,1
36,CAT,BCOT,Y,2,45.57405784,88.52459016,140.3846154,264.2726358,141.4486922,9.04,3.1687,2.852904977,29.2,5.705,8.305,6.1,11.5,5.2,12.5,9.94,24,36.2087,29.5,72.416,49.923,3.4162,1.0268,0.9882,0.1214,0,0,1
37,CAT,BCOT,Y,4,39.18918919,156.097561,71.05263158,223.6822289,156.0240964,3.3,1.1925,2.767295597,25.5,5.18,7.21,4.1,10.5,3.8,6.5,6.64,17,21.4925,25.1,90.825,51.25,2.3517,2.668,2.0548,3.4775,2.13135,1.8469,1
38,CAT,BCOT,N,2,100.2469136,263.6363636,333.3333333,615.5413669,349.6402878,9.36,5.4241,1.725631902,26.4,4.05,8.11,3.3,12,3,13,5.56,25,39.7841,26.6,79.154,29.946,2.608,1.7385,0.9485,0.8811,0.2674,5.8496,1
39,CAT,BCOT,N,6,46.61525278,203.5714286,144.6808511,358.2036613,226.0869565,8.71,2.837,3.070144519,27.6,5.835,8.555,5.6,17,4.7,11.5,8.74,28.5,40.047,24.8,189.375,12.6335,5.4784,1.881,0.4818,0.3837,3.1556,0,1
40,CAT,BCOT,N,7,40.29227557,90,29.03225806,146.7008032,75.70281124,4.32,2.7514,1.570109762,28.8,4.79,6.72,5,9.5,6.2,8,9.96,17.5,24.5714,25.3,190.135,32.5035,2.1724,2.52985,1.08405,0.43635,0.3942,0.14175,1
41,CAT,BCOT,N,1,54.09219191,143.902439,66.66666667,284.1930091,135.56231,7.46,2.3199,3.215655847,25.8,5.315,8.19,4.1,10,3.3,5.5,6.58,15.5,25.2799,24.2,156.816,61.4075,1.7016,2.3877,1.39165,1.52955,0.551,0.36375,1
42,CAT,BCOT,Y,1,76.81623932,250,150,716.0884354,308.1632653,8.56,3.433,2.493445966,25,4.68,8.275,2,7,2,5,2.94,12,23.993,21,96.138,86.826,10.6145,2.36775,3.45,2.1259,6.03725,0.71,1
43,HON,Control,N,4,-4.819277108,,-24.24242424,-31.67701863,-31.67701863,0,0,,,5.395,5.135,,6,6.6,5,16.1,11,11,,130.086,89.9405,56.2835,23.4156,20.6656,29.47995,23.1115,17.82295,
44,HON,Control,Y,5,-3.084832905,,-19.64285714,-16.47498045,-17.90461298,0.32,0.0457,7.002188184,,7.78,7.54,,12,11.2,9,25.58,21,21.3657,27.1,142.888,88.298,48.546,28.4544,28.4958,24.2658,25.9992,18.581,
45,HON,Control,Y,6,-1.548387097,,4,-17.75188485,-17.75188485,0,0,,,7.75,7.63,,11,12.5,13,29.18,24,24,,153.769,93.184,37.2772,51.24,37.066,34.14485,29.6141,21.097,
46,HON,Control,N,1,-1.773323053,,11.11111111,-22.19024045,-22.20650636,0,0.0023,,,6.485,6.37,,6,4.5,5,14.14,11,11.0023,,177.3075,90.0885,39.1344,33.48345,28.402,30.6005,19.2603,16.44735,
47,HON,Control,Y,2,14.53551913,,200,32.75121359,3.155339806,1.6,0.8387,1.90771432,26.8,4.575,5.24,,4,1.5,4.5,8.24,8.5,10.9387,20.7,128.34,80.401,39.9372,26.076,31.92,28.1048,21.2325,16.794,0.723304473
48,HON,Control,N,6,-1.1404134,,3.96039604,9.638010794,-7.478797224,4.42,0.0201,219.9004975,31.3,7.015,6.935,,13.5,10.1,10.5,25.94,24,28.4401,34.1,76.279,49.89945,30.62045,33.2906,20.83125,14.728,1.47015,2.9298,0.533189033
49,HON,Control,N,7,-8.124680634,,-10.95890411,-17.49607124,-17.49607124,0,0,,,9.785,8.99,,18.5,14.6,13,38.18,31.5,31.5,,,89.088,40.9344,40.8894,37.416,36.6652,26.0766,20.9622,
50,HON,Control,Y,7,0.906892382,,-15.49295775,-23.0992455,-23.0992455,0,0,,,8.27,8.345,,14.5,14.2,12,34.46,26.5,26.5,,164.724,99.275,48.714,49.0224,34.44525,36.9582,33.1084,18.5283,
51,HON,Control,N,3,2.224469161,,-11.76470588,-13.94927536,-13.94927536,0,0,,,4.945,5.055,,5,5.1,4.5,11.04,9.5,9.5,,186.93,75.806,70.932,33.187,26.68275,31.57665,20.17465,17.0986,
52,HON,Control,Y,4,-3.348554033,,8.910891089,11.80098832,-7.90655885,2.3,2.0869,1.102113182,38.4,6.57,6.35,,9.5,10.1,11,22.26,20.5,24.8869,,163.0035,85.008,43.586,35.7618,16.303,15.9885,21.04,4.0945,0.662518038
53,HON,Control,Y,1,-0.340909091,,-13.79310345,10.70873786,-11.00323625,0.82,0.5218,1.571483327,22.6,4.4,4.385,,3,2.9,2.5,6.18,5.5,6.8418,42.4,142.464,86.811,45.15,27.9295,26.719,27.4778,19.9392,19.5363,0.9251443
54,HON,Control,N,5,-5.788005579,,-12.37113402,-11.3135187,-11.3135187,0,0,,,7.17,6.755,,10,9.7,8.5,20.86,18.5,18.5,,105.196,82.128,25.3456,38.4345,30.04,27.3308,20.5086,14.4573,
55,HON,Control,N,2,-3.562945368,,59.09090909,22.26666667,1.449275362,0.7,0.7364,0.950570342,31.9,4.21,4.06,,3.5,2.2,3.5,6.9,7,8.4364,23.4,137.48,71.02,53.277,40.4872,36.0325,33.15235,25.1825,16.8696,0.555194805
56,HON,Control,Y,3,-3.262955854,,-44.44444444,-30.89430894,-30.89430894,0,0,,,5.21,5.04,,5.5,5.4,3,12.3,8.5,8.5,,106.288,47.773,44.5455,38.0684,26.8,30.67175,22.8646,21.5798,
57,HON,BCMI,N,4,-8.126858276,,-26.82926829,-32.57261411,-32.57261411,0,0,,,5.045,4.635,,3.5,4.1,3,9.64,6.5,6.5,,145.883,123.872,54.4515,24.312,23.445,25.9935,20.91,15.87385,
58,HON,BCMI,Y,7,14.12466844,,-16.66666667,32.32067511,-5.063291139,3.44,3.648,0.942982456,45.1,7.54,8.605,,10,9.6,8,18.96,18,25.088,41.8,151.173,37.4034,11.466,0.553,22.392,0,0,0.4316,0.720598846
59,HON,BCMI,Y,4,-5,,-22.07792208,-28.68998222,-28.86781269,0,0.03,,,5.8,5.51,,6,7.7,6,16.87,12,12.03,,196.7545,41.7196,36.40125,19.2371,18.912,27.24725,25.0146,17.0262,
60,HON,BCMI,N,3,-2.520325203,,-17.91044776,-19.25064599,-19.25064599,0,0,,,6.15,5.995,,7,6.7,5.5,15.48,12.5,12.5,,152.1095,84.693,36.195,23.408,19.5505,25.2672,21.58905,14.68675,
61,HON,BCMI,Y,5,1.207464325,,-13.04347826,-18.47826087,-18.47826087,0,0,,,4.555,4.61,,5,4.6,4,11.04,9,9,,153.18,105.791,28.458,38.043,43,36.498,28.46765,20.139,
62,HON,BCMI,Y,6,-0.248601616,,-32.29166667,-24.83026188,-24.83026188,0,0,,,8.045,8.025,,9,9.6,6.5,20.62,15.5,15.5,,193.362,75.8,36.288,40.4639,32.93675,31.0878,25.3995,18.12315,
63,HON,BCMI,N,2,0.658436214,,-1.960784314,11.82155797,-0.362318841,0.88,0.4651,1.892066222,32.9,6.075,6.115,,6,5.1,5,11.04,11,12.3451,24.6,154.356,90.44,50.8305,25.09,23.3885,29.8494,25.60085,17.09475,0.773392641
64,HON,BCMI,Y,2,-9.143807149,,-31.03448276,-26.97594502,-26.97594502,0,0,,,6.015,5.465,,4.5,5.8,4,11.64,8.5,8.5,,195.385,92.848,50.5455,34.5816,28.776,32.3255,22.4136,21.99125,
65,HON,BCMI,N,1,1.36239782,,-9.090909091,4.804347826,-1.185770751,0.24,0.0631,3.803486529,,3.67,3.72,,3,2.2,2,5.06,5,5.3031,24.1,197.824,92.505,51.168,33.336,34.6525,35.30835,24.0273,16.72035,
66,HON,BCMI,N,5,-2.914110429,,-31.03448276,-35.8974359,-35.8974359,0,0,,,6.52,6.33,,5.5,8.7,6,17.94,11.5,11.5,,187.974,104.468,35.735,43.8081,28.35,28.7842,21.4536,13.6617,
67,HON,BCMI,Y,1,-5.373134328,,-23.52941176,-17.48479087,-17.61723701,0,0.0209,,,6.7,6.34,,6.5,8.5,6.5,15.78,13,13.0209,,253.725,102.81,25.25,42.5371,31.752,39.2832,24.0894,22.4147,
68,HON,BCMI,N,7,1.413690476,,-25.23364486,-3.758169935,-4.003267974,0.06,0,,,6.72,6.815,,15.5,10.7,8,24.48,23.5,23.56,,150.308,100.688,29.83,33.76,42.72625,29.466,22.333,17.475,
69,HON,BCMI,N,6,1.867572156,,-28.57142857,-20.87042532,-20.87042532,0,0,,,5.89,6,,4.5,4.9,3.5,10.11,8,8,,243.1855,95.184,,42.4656,30.47625,31.302,23.6964,14.72995,
70,HON,BCMI,Y,3,14.78163494,,15.38461538,69.9851338,18.9296333,2.82,2.3315,1.209521767,33.9,4.465,5.125,,6,5.2,6,10.09,12,17.1515,23.3,213.864,139.755,29.73955,13.574,5.445,4.57275,6.171,3.2487,0.647907648
71,HON,BCOT,Y,4,-6.206361521,,-21.56862745,-38.59667969,-38.96484375,0,0.0754,,,6.445,6.045,,4.5,10.2,8,20.48,12.5,12.5754,,42.444,49.2076,35.4844,20.247,21.249,27.5625,27.2322,18.4498,
72,HON,BCOT,Y,2,7.397260274,,53.22580645,94.64119601,28.73754153,4.64,3.2948,1.408279713,31.9,5.475,5.88,,6,6.2,9.5,12.04,15.5,23.4348,28.2,64.692,55.79225,12.096,4.715,1.76875,1.845,1.2366,1.3811,0.73327013
73,HON,BCOT,Y,3,-3.676470588,,-13.04347826,-22.14532872,-22.14532872,0,0,,,4.08,3.93,,2.5,2.3,2,5.78,4.5,4.5,,145.9095,119.07,31.6245,38.8265,38.265,35.44695,40.3153,22.8171,
74,HON,BCOT,Y,7,2.068416866,,-12.62135922,-20.34995809,-20.36881811,0,0.0045,,,6.285,6.415,,10,10.3,9,23.86,19,19.0045,,127.086,82.404,35.9612,48.2625,46.64,42.924,36.8295,25.9522,
75,HON,BCOT,N,1,-2.802690583,,-16.66666667,-21.05263158,-21.05263158,0,0,,,4.46,4.335,,2.5,4.2,3.5,7.6,6,6,,119.99,74.2045,17.70975,39.8613,37.098,34.4432,31.04765,23.9538,
76,HON,BCOT,Y,5,-1.298701299,,-11.11111111,-8.903688525,-18.03278689,0.6,0.291,2.06185567,,5.005,4.94,,4,4.5,4,9.76,8,8.891,29.9,73.042,42.874,10.60525,24.8612,25.33375,19.3914,24.9736,15.2292,0.538600289
77,HON,BCOT,Y,6,1.577563541,,20.25316456,47.93280872,11.98547215,3.52,2.4185,1.455447591,32.3,5.705,5.795,,9,7.9,9.5,16.52,18.5,24.4385,34,91.124,37.0115,,12.5175,8.40275,3.53925,0.35015,0.3221,0.662698413
78,HON,BCOT,N,3,13.88577828,,103.125,119.5802005,44.11027569,3.56,2.4625,1.445685279,38.1,4.465,5.085,,5,3.2,6.5,7.98,11.5,17.5225,31.6,95.095,49.22885,7.6659,11.336,3.048,1.83105,0.3686,0.5764,0.732503608
79,HON,BCOT,N,6,-1.134751773,,-3.669724771,-18,-18,0,0,,,7.05,6.97,,10,10.9,10.5,25,20.5,20.5,,76.776,38.8935,21.77215,25.713,25.78725,26.0694,23.8075,11.4495,
80,HON,BCOT,N,5,2.015503876,,-8.045977011,-17.58454106,-17.87439614,0.06,0,,,6.45,6.58,,9,8.7,8,20.7,17,17.06,,94.563,47.04,17.1985,20.33875,22.737,23.864,20.385,9.15935,
81,HON,BCOT,N,4,7.77385159,,32.35294118,72.67681499,11.2412178,2.6,2.6466,0.982392504,38.2,4.245,4.575,,5,3.4,4.5,8.54,9.5,14.7466,30.2,108.864,67.1125,33.69315,20.4776,9.888,7.9431,4.8713,0.8712,0.665764791
82,HON,BCOT,Y,1,17.50572082,,48.14814815,74.36333333,11.11111111,3.76,1.9327,1.945464894,37.6,4.37,5.135,,2,5.4,8,9,10,15.6927,29,82.574,47.975,19.5965,16.34295,16.021,12.5532,7.9956,2.92905,0.682900433
83,HON,BCOT,N,7,5.807622505,,-9.090909091,-17.75032938,-20.9486166,0.24,0.2455,0.977596741,,5.51,5.83,,7,5.5,5,15.18,12,12.4855,25.9,90.886,55.3335,43.385,29.51025,28.308,22.4721,22.2464,17.7612,
84,HON,BCOT,N,2,23.54497354,,60,147.42607,36.18677043,3.04,2.6777,1.135302685,24.4,3.78,4.67,,3,2.5,4,5.14,7,12.7177,21.4,124.8,53.092,22.64545,20.2436,10.105,6.02325,0.20735,0.41805,0.681998557
85,MAP,Control,N,2,-7.333333333,0,-57.14285714,-9.316753927,-34.55497382,1.48,0.4482,3.302097278,34.6,4.5,4.17,3.5,3.5,3.5,1.5,7.64,5,6.9282,,57.42,52.1375,20.95225,42.1142,28.14,30.7881,21.2,18.336,1
86,MAP,Control,N,5,10.3476152,0,-66.41791045,-31.2460011,-50.35852179,2.32,1.1451,2.026023928,35,6.185,6.825,4.5,4.5,13.4,4.5,18.13,9,12.4651,35.5,63.4365,41.5425,7.3255,24.15,19.525,24.3018,18.9945,13.16055,1
87,MAP,Control,N,6,4.532304725,-4.761904762,-66.21621622,-20.08556612,-43.82022472,1.88,0.8661,2.17065004,33.2,5.185,5.42,4.2,4,7.4,2.5,11.57,6.5,9.2461,40.1,97.7405,37.912,6.6906,13.3936,17.0145,18.96125,18.62685,16.20395,1
88,MAP,Control,N,4,-4.732142857,-28.57142857,-81.48148148,-47.73564464,-64.78873239,2.02,1.128,1.790780142,35.5,5.6,5.335,6.3,4.5,10.8,2,18.46,6.5,9.648,36.4,127.09,45.81,9.1543,27.27,19.9925,26.7883,19.4565,12.2304,1
89,MAP,Control,N,7,4.669603524,-15.38461538,-81.13207547,-47.75730241,-63.48797251,2.4,1.2621,1.901592584,35.1,5.675,5.94,6.5,5.5,15.9,3,23.28,8.5,12.1621,32.4,69.589,46.5817,30.72325,26.2446,24.457,27.48545,20.6304,17.3705,1
90,MAP,Control,Y,3,-1.682242991,-10,-74.22680412,-44.32801962,-57.08154506,1.24,0.8401,1.47601476,33.3,5.35,5.26,5,4.5,9.7,2.5,16.31,7,9.0801,,108.916,274.8,31.8411,32.021,27.5975,34.0518,28.1688,22.62645,1
91,MAP,Control,Y,6,16.68237512,25,-72.60273973,-28.39328202,-44.01679496,1.3,0.9326,1.393952391,40.3,5.305,6.19,4.8,6,7.3,2,14.29,8,10.2326,36.2,79.17,44.528,19.3375,21.7462,23.4675,28.9828,23.06625,19.8765,1
92,MAP,Control,Y,7,2.698145025,0,-83.55263158,-47.48961039,-65.36796537,2.27,1.8599,1.220495726,40.5,5.93,6.09,5.5,5.5,15.2,2.5,23.1,8,12.1299,37.9,106.674,,,31.4394,24.84225,27.832,22.70965,19.91115,1
93,MAP,Control,Y,2,2.089268756,-33.33333333,-73.95833333,-37.37119289,-65.10152284,2.62,1.7503,1.496886248,35.9,5.265,5.375,4.5,3,9.6,2.5,15.76,5.5,9.8703,33.6,107.456,46.755,18.846,25.0512,11.97375,18.18,17.9616,19.6084,1
94,MAP,Control,N,3,-3.012552301,-8.333333333,-81.61764706,-53.83862069,-63.2183908,1.42,0.6201,2.289953233,,5.975,5.795,6,5.5,13.6,2.5,21.75,8,10.0401,17,47.685,40.8296,14.84625,21.281,20.9235,25.1227,28.2282,25.1711,
95,MAP,Control,Y,4,5.809128631,8.108108108,-85.29411765,-33.36873921,-56.82210708,1.72,0.9959,1.727081032,33.5,4.82,5.1,3.7,4,6.8,1,11.58,5,7.7159,34.3,17.08,49.4505,13.2615,29.496,23.5705,30.9078,30.14375,18.77275,1
96,MAP,Control,Y,5,1.212611156,-16.66666667,-56.25,-29.59582133,-45.96541787,1.47,0.8021,1.832689191,26.9,6.185,6.26,4.8,4,8,3.5,13.88,7.5,9.7721,26.5,90.965,37.0744,,17.3505,22.75725,25.91295,21.6343,16.235,1
97,MAP,Control,Y,1,-6.131078224,6.060606061,-70.58823529,-27.06681514,-44.32071269,1.06,0.4894,2.16591745,26,4.73,4.44,3.3,3.5,5.1,1.5,8.98,5,6.5494,23.2,68.586,49.6504,4.8672,19.2533,18.0565,27.36825,23.8476,19.5322,1
98,MAP,Control,N,1,4.938271605,-31.03448276,-62.26415094,-31.80536913,-55.25727069,1.3,0.7966,1.631935727,33.6,4.86,5.1,2.9,2,5.3,2,8.94,4,6.0966,33.3,51.681,51.02115,7.2427,17.7048,15.0526,22.8258,21.5761,18.4909,1
99,MAP,BCMI,N,6,66.06243706,-5.405405405,-44.44444444,-4.572471324,-37.43482795,2.2,0.9515,2.312138728,39.3,4.965,8.245,3.7,3.5,4.5,2.5,9.59,6,9.1515,37.9,63.498,32.9612,1.4131,9.0552,10.53,19.2244,14.875,7.9305,1
100,MAP,BCMI,Y,6,1.461988304,-6.25,-70.58823529,-35.83879423,-54.12844037,1.7,1.091,1.558203483,32.9,5.13,5.205,4.8,4.5,8.5,2.5,15.26,7,9.791,11.4,77.9025,35.4388,7.43255,19.2672,20.1485,28.61775,23.08775,17.9087,1
101,MAP,BCMI,N,7,14.56200228,14.58333333,-45.65217391,14.08568443,-16.40543365,2.06,0.858,2.400932401,44.4,4.395,5.035,4.8,5.5,4.6,2.5,9.57,8,10.918,40.4,55.5,43.38255,,20.4135,26.5045,23.54715,15.53075,15.0051,1
102,MAP,BCMI,Y,7,2.826267664,-12.28070175,-63.63636364,-15.26183206,-46.5648855,2.73,1.3707,1.991683082,36.6,6.015,6.185,5.7,5,5.5,2,13.1,7,11.1007,35.7,84.56,45.48635,21.5492,16.9224,17.8755,25.71975,15.57635,18.0348,1
103,MAP,BCMI,N,4,-13.46389229,-31.03448276,-88.88888889,-64.13557214,-68.90547264,0.26,0.1235,2.105263158,,4.085,3.535,2.9,2,4.5,0.5,8.04,2.5,2.8835,,88.587,42.172,15.8076,8.1675,19.2855,22.7925,16.30955,9.47305,
104,MAP,BCMI,Y,2,4.993597951,-14.28571429,-53.7037037,-20.32868526,-45.21912351,1.92,0.579,3.316062176,34.8,3.905,4.1,3.5,3,5.4,2.5,10.04,5.5,7.999,35.1,76.8105,,24.3828,12.51085,14.28375,22.7478,14.92365,13.2549,1
105,MAP,BCMI,N,3,18.22079314,-11.76470588,-64.28571429,-26.07218479,-51.87680462,1.92,0.7611,2.522664564,36.4,4.665,5.515,3.4,3,5.6,2,10.39,5,7.6811,32.3,78.546,47.187,29.92915,13.5575,5.372,20.57825,16.2341,16.11315,1
106,MAP,BCMI,Y,3,-0.925925926,-24.24242424,-44.44444444,-16.30505952,-40.47619048,1.3,0.3243,4.008633981,30.4,4.32,4.28,3.3,2.5,2.7,1.5,6.72,4,5.6243,27.2,76.911,44.096,25.104,18.72475,22.32625,28.91895,18.7956,20.6677,1
107,MAP,BCMI,Y,1,7.63956905,-4.761904762,-68.25396825,-17.06828392,-46.0916442,2,1.2303,1.625619768,42.3,5.105,5.495,4.2,4,6.3,2,11.13,6,9.2303,42.2,44.08,,24.16995,13.2549,13.7105,25.7393,14.7042,16.0655,1
108,MAP,BCMI,Y,4,-0.24691358,-23.07692308,-53.94736842,-26.954141,-48.66529774,2.2,0.972,2.263374486,28.5,6.075,6.06,5.2,4,7.6,3.5,14.61,7.5,10.672,29.6,71.8175,37.7145,16.115,9.81125,16.51125,28.3536,18.031,12.3284,1
109,MAP,BCMI,N,5,7.346189164,1.694915254,-70.58823529,-35.38248588,-49.15254237,2.14,0.2973,7.198116381,39.4,5.445,5.845,5.9,6,10.2,3,17.7,9,11.4373,36.5,99.9395,45.018,,14.9736,23.4345,28.6492,19.4102,12.3369,1
110,MAP,BCMI,Y,5,0.07513148,1.5625,-80.46875,-42.58464667,-54.24504321,0.98,1.3136,0.746041413,33.4,6.655,6.66,6.4,6.5,12.8,2.5,19.67,9,11.2936,,126.418,38.4975,4.888,19.757,24.3925,26.8896,14.49285,5.958,1
111,MAP,BCMI,N,2,7.741116751,11.11111111,-64.28571429,-35.53286853,-50.19920319,0.98,0.4925,1.989847716,34.2,3.94,4.245,2.7,3,5.6,2,10.04,5,6.4725,33.7,184.824,50.8725,29.295,38.205,25.23675,26.3712,18.0268,17.47955,1
112,MAP,BCMI,N,1,-6.495098039,66.66666667,-91.22807018,-64.16378433,-69.48118006,0.46,0.0627,7.336523126,,4.08,3.815,1.5,2.5,5.7,0.5,9.83,3,3.5227,,89.822,58.088,38.2272,23.598,24.01,31.3495,19.3752,14.6796,
113,MAP,BCOT,Y,7,-1.366982124,21.62162162,-71.83098592,-26.96150696,-46.76494676,1.62,0.798,2.030075188,35.9,4.755,4.69,3.7,4.5,7.1,2,12.21,6.5,8.918,37.4,100.654,32.799,,17.52445,23.1,28.7708,18.07325,17.1075,1
114,MAP,BCOT,N,1,0.408830744,-11.29032258,-57.44680851,-26.22262118,-43.14781568,1.98,0.8482,2.334355105,37.5,6.115,6.14,6.2,5.5,9.4,4,16.71,9.5,12.3282,,99.1075,42.539,21.96595,9.6273,9.792,15.5379,11.4312,14.38965,1
115,MAP,BCOT,Y,6,6.402048656,-26.82926829,-51.92307692,-29.74614594,-43.47379239,0.94,0.3957,2.375537023,37.4,3.905,4.155,4.1,3,5.2,2.5,9.73,5.5,6.8357,18.4,88.45,34.8,21.0496,19.826,22.5515,21.9804,20.4706,14.4495,1
116,MAP,BCOT,N,2,-4.661016949,-21.875,-48.71794872,-27.45590062,-44.09937888,0.9,0.4398,2.04638472,18.8,3.54,3.375,3.2,2.5,3.9,2,8.05,4.5,5.8398,32.9,134.136,45.594,7.3143,19.07675,17.55675,21.7792,12.29525,10.4038,1
117,MAP,BCOT,N,4,-3.225806452,-28.57142857,-35.18518519,-33.71395881,-42.79176201,0.54,0.6501,0.83064144,32.1,4.65,4.5,5.6,4,5.4,3.5,13.11,7.5,8.6901,,107.91,49.894,33.1335,18.24,21.3435,26.64435,16.4885,7.254,
118,MAP,BCOT,Y,4,2.872531418,15.38461538,-91.66666667,-24.8272957,-57.87700084,2.66,1.263,2.106096595,38.1,5.57,5.73,3.9,4.5,6,0.5,11.87,5,8.923,,103.356,51.619,23.9988,28.025,16.3725,25.6101,17.271,11.7468,1
119,MAP,BCOT,N,6,-0.793650794,-6.976744186,-72.97297297,-39.48139159,-51.45631068,0.86,0.6201,1.386873085,,5.67,5.625,4.3,4,7.4,2,12.36,6,7.4801,22.7,93.936,42.0375,19.2441,33.015,28.8835,34.98495,19.764,11.3832,1
120,MAP,BCOT,Y,5,4.826958106,-4.761904762,-65.68627451,-28.65881093,-49.11622924,2.06,1.7594,1.1708537,35,5.49,5.755,6.3,6,10.2,3.5,18.67,9.5,13.3194,,74.6415,41.451,,3.82525,11.9335,20.5344,13.71825,8.5492,1
121,MAP,BCOT,N,7,5.499541705,-60.9375,-66.66666667,-49.06840391,-67.4267101,2.72,0.098,27.75510204,32.4,5.455,5.755,6.4,2.5,7.5,2.5,15.35,5,7.818,31.5,97.565,,,11.22375,15.15,17.3536,7.5003,6.588,1
122,MAP,BCOT,Y,3,-0.735294118,19.04761905,-85,-45.21705426,-58.01033592,1.02,0.9604,1.062057476,37.8,4.76,4.725,4.2,5,10,1.5,15.48,6.5,8.4804,,251.18,79.195,47.2635,50.53,31.136,35.27725,21.5423,24.5472,1
123,MAP,BCOT,N,3,0.224215247,13.06532663,-70,-24.66045549,-37.88819876,0.58,0.6978,0.83118372,,4.46,4.47,3.98,4.5,5,1.5,9.66,6,7.2778,16.1,99.2795,68.7245,31.4578,17.8928,19.9395,29.1528,18.864,16.6,
124,MAP,BCOT,N,5,5.711318795,-16.66666667,-92.06349206,-50.1105948,-67.47211896,1.3,0.5681,2.288329519,29.7,4.815,5.09,3.6,3,6.3,0.5,10.76,3.5,5.3681,30.8,124.3075,51.0945,12.16,30.4621,25.632,29.1555,17.2634,8.7932,1
125,MAP,BCOT,Y,1,7.932379714,-40,-84.84848485,-44.778125,-68.75,1.2,0.3342,3.590664273,33.6,3.845,4.15,2.5,1.5,3.3,0.5,6.4,2,3.5342,29.8,136.2915,67.1,3.8025,31.032,31.234,33.0752,20.2266,19.5575,1
126,MAP,BCOT,Y,2,-2.088772846,7.142857143,-79.59183673,-30.78082192,-53.13626532,2.2,0.9007,2.442544687,34.6,5.745,5.625,4.2,4.5,9.8,2,13.87,6.5,9.6007,23.5,157.8865,77.879,39.7955,38.654,25.31625,26.2509,18.0068,20.0618,1
127,OAK,Control,Y,5,-4.609665428,2.739726027,-0.690846287,-12.4239037,-18.31470335,1.2,0.1702,7.05052879,34.1,6.725,6.415,7.3,7.5,11.58,11.5,23.26,19,20.3702,39.2,99.738,42.6195,2.27745,26.436,25.8785,28.49555,19.2672,13.86535,1
128,OAK,Control,Y,2,,,,,,0.7,1.2026,0.582072177,24.3,,3.92,,,,,,0,1.9026,31,122.476,56.166,36.2824,23.1876,21.57375,30.8256,20.5282,21.5735,1
129,OAK,Control,N,2,-8.064516129,21.21212121,-42.30769231,-29.72560976,-35.21341463,0.72,0,,36.6,4.96,4.56,3.3,4,7.8,4.5,13.12,8.5,9.22,36.2,187.68,83.391,43.2362,25.99265,18.1845,27.6261,16.5444,16.4445,1
130,OAK,Control,N,5,0.594451783,5.263157895,-35.25179856,-31.20945455,-38.18181818,1.75,0.1674,10.45400239,31.7,7.57,7.615,7.6,8,13.9,9,27.5,17,18.9174,36.5,205.735,63.393,26.90415,30.4046,18.81975,29.913,14.08,9.10065,1
131,OAK,Control,Y,6,-0.62305296,-7.894736842,-25.67567568,-33.18958032,-34.87698987,0.22,0.0132,16.66666667,,4.815,4.785,3.8,3.5,7.4,5.5,13.82,9,9.2332,30.2,311.1865,87.264,41.31,65.184,36.078,34.4993,22.2606,18.651,
132,OAK,Control,N,1,-23.38251986,-21.05263158,-25.53191489,-35.14082687,-35.4005168,0,0.0201,,,4.405,3.375,1.9,1.5,4.7,3.5,7.74,5,5.0201,,91.377,67.34,21.98745,27.26685,24.65925,35.1595,21.2796,17.3886,
133,OAK,Control,N,6,-0.616740088,133.3333333,-47.36842105,-18.14888889,-27.77777778,0.68,0.1866,3.644158628,27.2,5.675,5.64,1.5,3.5,5.7,3,9,6.5,7.3666,32.5,116.28,55.968,38.2768,35.70075,25.17075,27.6,16.038,14.75895,1
134,OAK,Control,N,3,-3.290870488,2.941176471,-38.46153846,-26.71505376,-32.79569892,0.6,0.0786,7.633587786,35.6,4.71,4.555,3.4,3.5,6.5,4,11.16,7.5,8.1786,37.9,196.0875,117.8625,56.717,55.878,23.49675,33.4559,23.32825,15.0903,1
135,OAK,Control,Y,4,-6.318883174,53.06122449,-15.76086957,-13.637781,-16.6062364,0.76,0.0587,12.9471891,32.6,6.805,6.375,4.9,7.5,18.4,15.5,27.58,23,23.8187,33.1,113.68,58.1,36.23975,12.17805,15.39,28.834,20.595,18.998,1
136,OAK,Control,Y,1,-0.179533214,25,-27.48091603,-28.55,-32.06521739,0.52,0.1268,4.100946372,30.2,5.57,5.56,2.4,3,13.1,9.5,18.4,12.5,13.1468,34.6,101.7315,69.498,43.0146,19.9918,25.025,34.804,24.012,20.631,1
137,OAK,Control,N,7,3.564547206,37.5,-27.53623188,6.936434109,-18.60465116,0,3.2948,,,5.19,5.375,4,5.5,6.9,5,12.9,10.5,13.7948,,160.496,66.95,37.356,36.26,38.1825,40.52225,23.6457,19.8431,
138,OAK,Control,Y,7,-1.34529148,5.882352941,-12.40875912,-23.35766423,-23.35766423,0,0,,,6.69,6.6,8.5,9,13.7,12,27.4,21,21,,230.334,79.7335,33.352,52.219,29.8155,42.65,22.38925,25.9428,
139,OAK,Control,N,4,1.561065197,60.71428571,-10.71428571,-7.766863905,-14.20118343,0.92,0.1674,5.495818399,27,5.445,5.53,2.8,4.5,11.2,10,16.9,14.5,15.5874,36.3,174.456,70.702,33.174,50.451,24.58825,29.38335,18.9576,12.878,1
140,OAK,Control,Y,3,8.280254777,7.142857143,-43.92523364,-36.49831461,-41.01123596,0.76,0.0433,17.55196305,17.7,5.495,5.95,4.2,4.5,10.7,6,17.8,10.5,11.3033,35.2,222.865,111.228,44.08,60.154,33.6435,45.3284,22.2111,30.6065,1
141,OAK,BCMI,N,2,-11.34289439,-16.66666667,-22.22222222,-29.3059126,-29.3059126,0,0,,,3.835,3.4,2.4,2,4.5,3.5,7.78,5.5,5.5,,216.648,137.4645,31.6245,50.922,24.2055,34.91915,21.25495,24.03525,
142,OAK,BCMI,N,4,-4.071856287,40,-15.38461538,-11.97343454,-14.61100569,0.18,0.098,1.836734694,24.1,4.175,4.005,2.5,3.5,6.5,5.5,10.54,9,9.278,34.7,211.899,114.8965,4.7073,39.429,21.138,26.6247,20.01675,14.09975,1
143,OAK,BCMI,N,7,-1.628664495,168.2926829,-41.17647059,18.80460624,11.44130758,0.82,0.1711,4.792518995,28.1,4.605,4.53,4.1,11,6.8,4,13.46,15,15.9911,31.9,97.66,54.488,,43.043,22.61,27.86775,16.59775,15.785,1
144,OAK,BCMI,Y,7,0.715563506,37.25490196,-12.5,-6.079078456,-12.82689913,0.78,0.3037,2.568324004,40.5,5.59,5.63,5.1,7,8,7,16.06,14,15.0837,42.6,143.047,70.49,23.775,21.451,31.809,33.9401,16.866,23.1166,1
145,OAK,BCMI,Y,1,18.49405548,66.66666667,0,33.17012987,3.896103896,1.72,0.5341,3.220370717,27.3,3.785,4.485,2.1,3.5,4.5,4.5,7.7,8,10.2541,35.1,174.496,76.272,20.6535,30.7655,28.48575,34.9144,8.5264,17.7184,1
146,OAK,BCMI,N,3,1.677539609,2.040816327,-41.66666667,-31.13207547,-33.17610063,0.26,0,,15.3,5.365,5.455,4.9,5,6,3.5,12.72,8.5,8.76,32.1,131.677,76.614,32.364,44.1945,17.64,27.4626,17.2608,18.7852,0.861652237
147,OAK,BCMI,Y,5,2.33463035,84.7826087,-38.35616438,16.44148936,-1.215805471,2.06,0.2637,7.811907471,28.3,5.14,5.26,4.6,8.5,7.3,4.5,13.16,13,15.3237,30.8,132.825,26.705,11.0088,38.1,30.06,33.2514,17.4535,14.45015,1
148,OAK,BCMI,Y,6,-1.991150442,-12.6984127,-30.10752688,-10.32950423,-27.44860943,2.18,0.6515,3.346124328,27.7,6.78,6.645,6.3,5.5,9.3,6.5,16.54,12,14.8315,33.7,257.103,34.6365,25.254,42.12,34.112,3.9538,13.7235,11.774,1
149,OAK,BCMI,Y,2,-5.192107996,-37.5,-7.407407407,-30.16759777,-30.16759777,0,0,,,4.815,4.565,4,2.5,2.7,2.5,7.16,5,5,,211.6265,84.249,28.1785,50.8725,29.0565,33.535,22.2452,23.03065,
150,OAK,BCMI,Y,3,-6.25,25,-33.33333333,-17.76375405,-35.27508091,0.92,0.1622,5.672009864,30.3,5.6,5.25,1.6,2,3,2,6.18,4,5.0822,22.9,194.419,106.425,57.7935,53.44,25.92,35.3604,19.0872,21.392,1
151,OAK,BCMI,Y,4,-3.209109731,20,-27.08333333,-10.5611413,-11.68478261,0,0.0827,,,4.83,4.675,2.5,3,4.8,3.5,7.36,6.5,6.5827,,188.944,91.728,37.2255,42.012,24.03,33.9408,22.952,19.6095,
152,OAK,BCMI,N,5,4.710920771,3.448275862,-25.67567568,-26.32375189,-35.70347958,1.24,0,,35.3,4.67,4.89,2.9,3,7.4,5.5,13.22,8.5,9.74,30.6,190.2595,75.45,30.828,40.4612,28.3605,30.17855,18.2091,14.5536,1
153,OAK,BCMI,N,6,-16.015625,0,-41.17647059,-28.73867596,-30.31358885,0.06,0.0304,1.973684211,23.8,3.84,3.225,2,2,3.4,2,5.74,4,4.0904,26.3,248.234,70.218,16.4526,50.9418,22.61575,28.2528,19.2852,18.09465,1
154,OAK,BCMI,N,1,-6.801275239,13.63636364,-19.35483871,-14.15506329,-20.88607595,0.3,0.1254,2.392344498,25.3,4.705,4.385,2.2,2.5,3.1,2.5,6.32,5,5.4254,26.3,218.68,85.248,22.995,20.192,27.82425,33.804,20.7612,20.4216,1
155,OAK,BCOT,N,2,-5.339366516,0,-38.35616438,-27.05970149,-33.66500829,0.62,0.1766,3.510758777,16.8,5.525,5.23,3.5,3.5,7.3,4.5,12.06,8,8.7966,31.4,177.3145,90.695,23.0955,26.13,24.4555,31.97625,17.7854,12.6867,1
156,OAK,BCOT,Y,2,-10.92362345,-10.71428571,-28.57142857,-23.08415842,-31.93069307,0.56,0.1548,3.617571059,19.9,5.63,5.015,2.8,2.5,4.2,3,8.08,5.5,6.2148,25.8,149.05,69.355,53.676,26.975,22.24675,33.3925,16.683,19.9503,1
157,OAK,BCOT,N,6,0.829562594,-14.28571429,-32.51533742,-29.21152388,-35.55724033,1.56,0.114,13.68421053,32.8,6.63,6.685,7,6,16.3,11,26.38,17,18.674,33.6,212.0625,68.4075,18.2115,35.3115,34.1775,34.8612,17.33445,17.3349,1
158,OAK,BCOT,Y,3,14.6811071,3.448275862,-16.66666667,16.00409836,-12.90983607,2.36,0.462,5.108225108,31.4,4.155,4.765,2.9,3,6.6,5.5,9.76,8.5,11.322,34.6,188.65,95.9985,45.22,28.3345,23.77875,0.1951,15.63235,15.1031,1
159,OAK,BCOT,Y,6,37.57062147,-24.24242424,-30.55555556,-24.2290146,-31.56934307,0.56,0.2445,2.290388548,27.6,5.31,7.305,3.3,2.5,7.2,5,10.96,7.5,8.3045,31.3,221.4405,81.141,28.5175,67.4286,34.91425,40.66596,22.1008,15.6561,1
160,OAK,BCOT,N,5,-5.742935278,37.93103448,-43.39622642,-18.43258427,-21.34831461,0,0.2595,,,5.485,5.17,2.9,4,5.3,3,8.9,7,7.2595,,257.9005,65.661,19.107,37.6878,27.615,26.5234,22.7837,10.552,
161,OAK,BCOT,N,7,7.124681934,-11.76470588,-15.73033708,-19.34578313,-27.71084337,0.98,0.4086,2.398433676,31.6,5.895,6.315,5.1,4.5,8.9,7.5,16.6,12,13.3886,36,216.775,70.125,32.097,9.843,26.945,32.03625,17.0247,12.50295,1
162,OAK,BCOT,N,1,-3.603603604,-13.04347826,-18.18181818,-29.93555094,-32.43243243,0.15,0.0902,1.662971175,26.7,5.55,5.35,2.3,2,5.5,4.5,9.62,6.5,6.7402,34.6,148.5385,69.015,38.601,17.081,29.62575,31.12085,17.22,16.67925,1
163,OAK,BCOT,Y,1,-9.887640449,19.04761905,-16.66666667,-13.36648501,-18.25613079,0.28,0.0789,3.548795944,26.7,4.45,4.01,2.1,2.5,4.2,3.5,7.34,6,6.3589,24.1,146.5505,68.598,20.09845,16.794,21.294,32.008,20.319,17.0378,1
164,OAK,BCOT,N,3,-6.118355065,60,-3.225806452,13.79360465,-3.100775194,1.44,0.3035,4.744645799,21.9,4.985,4.68,2.5,4,6.2,6,10.32,10,11.7435,32.5,155.045,91.936,36.67125,23.0524,16.908,25.1685,14.16525,7.9508,1
165,OAK,BCOT,N,4,5.87639311,25,-20.45454545,5.596820809,-16.90751445,2.3,0.8146,2.823471643,36,4.935,5.225,3.6,4.5,8.8,7,13.84,11.5,14.6146,38.1,146.9,80.887,15.351,3.762,7.23375,11.9425,8.25525,0.8504,1
166,OAK,BCOT,Y,7,10.85541257,-24.41860465,-35.6846473,-38.32903056,-42.04425711,1.13,0.2803,4.031394934,33.6,6.605,7.322,8.6,6.5,24.1,15.5,37.96,22,23.4103,27,253.237,82.9665,19.7625,39.276,30.806,35.52255,17.70615,17.75425,1
167,OAK,BCOT,Y,5,10.85043988,7.142857143,-28.57142857,37.56308411,-29.90654206,0.21,2.6777,0.078425514,28.9,3.41,3.78,1.4,1.5,2.1,1.5,4.28,3,5.8877,33.2,110.9115,46.3085,25.7548,30.7835,25.4625,31.16005,17.7616,8.8825,1
168,OAK,BCOT,Y,4,-19.89100817,-6.25,-25,-27.93779904,-28.22966507,0,0.0122,,,3.67,2.94,1.6,1.5,2,1.5,4.18,3,3.0122,,110.474,76.347,24.96,10.37,9.2905,32.24,21.6473,9.078,
